<?xml version="1.0" encoding="UTF-8"?>
<project-private xmlns="http://www.netbeans.org/ns/project-private/1">
    <editor-bookmarks xmlns="http://www.netbeans.org/ns/editor-bookmarks/2" lastBookmarkId="0"/>
    <open-files xmlns="http://www.netbeans.org/ns/projectui-open-files/2">
        <group>
            <file>file:/C:/Users/R22bot2.15%20Pocket/Documents/GitHub/Programacion_Avanzada/Proyecto%20I/src/com/view/VentanaPrincipal.java</file>
            <file>file:/C:/Users/R22bot2.15%20Pocket/Documents/GitHub/Programacion_Avanzada/Proyecto%20I/src/com/modelo/Curso.java</file>
            <file>file:/C:/Users/R22bot2.15%20Pocket/Documents/GitHub/Programacion_Avanzada/Proyecto%20I/src/com/modelo/Alumno.java</file>
            <file>file:/C:/Users/R22bot2.15%20Pocket/Documents/GitHub/Programacion_Avanzada/Proyecto%20I/test/archivo.json</file>
            <file>file:/C:/Users/R22bot2.15%20Pocket/Documents/GitHub/Programacion_Avanzada/Proyecto%20I/src/com/view/VentanaEditar.java</file>
            <file>file:/C:/Users/R22bot2.15%20Pocket/Documents/GitHub/Programacion_Avanzada/Proyecto%20I/src/com/datos/CargarDatos.java</file>
            <file>file:/C:/Users/R22bot2.15%20Pocket/Documents/GitHub/Programacion_Avanzada/Proyecto%20I/src/Main/main.java</file>
            <file>file:/C:/Users/R22bot2.15%20Pocket/Documents/GitHub/Programacion_Avanzada/Proyecto%20I/src/com/datos/GuardarDatos.java</file>
            <file>file:/C:/Users/R22bot2.15%20Pocket/Documents/GitHub/Programacion_Avanzada/Proyecto%20I/src/com/view/VerCurso.java</file>
        </group>
    </open-files>
</project-private>
