<?xml version="1.0" encoding="UTF-8"?>
<project-private xmlns="http://www.netbeans.org/ns/project-private/1">
    <editor-bookmarks xmlns="http://www.netbeans.org/ns/editor-bookmarks/2" lastBookmarkId="0"/>
    <open-files xmlns="http://www.netbeans.org/ns/projectui-open-files/2">
        <group>
            <file>file:/C:/Users/R22bot2.15%20Pocket/Documents/Respaldo/Proyecto%20I/src/com/view/VentanaAsignatura.java</file>
            <file>file:/C:/Users/R22bot2.15%20Pocket/Documents/Respaldo/Proyecto%20I/src/com/modelo/Planificacion.java</file>
            <file>file:/C:/Users/R22bot2.15%20Pocket/Documents/Respaldo/Proyecto%20I/src/com/datos/GuardarDatos.java</file>
            <file>file:/C:/Users/R22bot2.15%20Pocket/Documents/Respaldo/Proyecto%20I/src/com/modelo/Nota.java</file>
            <file>file:/C:/Users/R22bot2.15%20Pocket/Documents/Respaldo/Proyecto%20I/src/com/view/VentanaCurso.java</file>
            <file>file:/C:/Users/R22bot2.15%20Pocket/Documents/Respaldo/Proyecto%20I/src/com/view/VentanaPlanificacion.java</file>
            <file>file:/C:/Users/R22bot2.15%20Pocket/Documents/Respaldo/Proyecto%20I/src/com/view/VentanaReporte.java</file>
            <file>file:/C:/Users/R22bot2.15%20Pocket/Documents/Respaldo/Proyecto%20I/src/Main/main.java</file>
            <file>file:/C:/Users/R22bot2.15%20Pocket/Documents/Respaldo/Proyecto%20I/src/com/modelo/Actividad.java</file>
            <file>file:/C:/Users/R22bot2.15%20Pocket/Documents/Respaldo/Proyecto%20I/src/com/view/VentanaNota.java</file>
            <file>file:/C:/Users/R22bot2.15%20Pocket/Documents/Respaldo/Proyecto%20I/src/com/view/VentanaAsistencia.java</file>
            <file>file:/C:/Users/R22bot2.15%20Pocket/Documents/Respaldo/Proyecto%20I/test/curso1A.xml</file>
            <file>file:/C:/Users/R22bot2.15%20Pocket/Documents/Respaldo/Proyecto%20I/src/com/view/VentanaAnotaciones.java</file>
            <file>file:/C:/Users/R22bot2.15%20Pocket/Documents/Respaldo/Proyecto%20I/src/com/modelo/Curso.java</file>
            <file>file:/C:/Users/R22bot2.15%20Pocket/Documents/Respaldo/Proyecto%20I/src/com/modelo/Apoderado.java</file>
            <file>file:/C:/Users/R22bot2.15%20Pocket/Documents/Respaldo/Proyecto%20I/src/Main/GenerarPoblacion_Inicial.java</file>
            <file>file:/C:/Users/R22bot2.15%20Pocket/Documents/Respaldo/Proyecto%20I/test/asignaturaexcel.xsl</file>
            <file>file:/C:/Users/R22bot2.15%20Pocket/Documents/Respaldo/Proyecto%20I/src/com/view/VentanaPrincipal.java</file>
            <file>file:/C:/Users/R22bot2.15%20Pocket/Documents/Respaldo/Proyecto%20I/src/com/modelo/Alumno.java</file>
            <file>file:/C:/Users/R22bot2.15%20Pocket/Documents/Respaldo/Proyecto%20I/src/com/datos/ExportarDatos.java</file>
            <file>file:/C:/Users/R22bot2.15%20Pocket/Documents/Respaldo/Proyecto%20I/src/com/modelo/Asignatura.java</file>
        </group>
    </open-files>
</project-private>
